"outcome","coef","se","pvalue","control_mean","effect_pct","n_countries","n_obs"
"business_registrations",0.592889608666714,0.460073459561858,0.198905673004879,6.88352152358915,8.61317287430481,217,2668
