"outcome","coef","se","pvalue","control_mean","effect_pct","n_countries","n_obs"
"financial_inclusion",-0.0177426909750366,0.0193702089624141,0.360953321895706,0.650070632006508,-2.7293481817925,174,8474
