{
  "Business Training": {
    "n_meta_analyses": 2.0,
    "n_underlying_studies": 72.0,
    "pooled_effect": 0.01287548638132296,
    "se": 0.002869277507774589,
    "ci_lower": 0.007251702466084766,
    "ci_upper": 0.018499270296561152,
    "p_value": 7.211054658728955e-06,
    "q_statistic": 0.11958287937743191,
    "p_heterogeneity": 0.7294873314696594,
    "i_squared": 0.0,
    "tau_squared": 0.0,
    "z_effect": 4.487361834620585
  },
  "Internships": {
    "n_meta_analyses": 2.0,
    "n_underlying_studies": 30.0,
    "pooled_effect": 0.23313229571984434,
    "se": 0.028692775077745886,
    "ci_lower": 0.1768944565674624,
    "ci_upper": 0.2893701348722263,
    "p_value": 4.440892098500626e-16,
    "q_statistic": 0.2690614785992218,
    "p_heterogeneity": 0.603962036197542,
    "i_squared": 0.0,
    "tau_squared": 0.0,
    "z_effect": 8.12512191965223
  },
  "Vocational Training": {
    "n_meta_analyses": 2.0,
    "n_underlying_studies": 42.0,
    "pooled_effect": 0.1010549175938597,
    "se": 0.03210194194571345,
    "ci_lower": 0.03813511138026135,
    "ci_upper": 0.16397472380745806,
    "p_value": 0.0016442665787530508,
    "q_statistic": 1.5059072000000002,
    "p_heterogeneity": 0.21976467509627728,
    "i_squared": 33.5948456850462,
    "tau_squared": 0.0008230737192836319,
    "z_effect": 3.14793783394009
  },
  "Mentorship": {
    "n_meta_analyses": 2.0,
    "n_underlying_studies": 23.0,
    "pooled_effect": 0.12188715953307391,
    "se": 0.02869277507774589,
    "ci_lower": 0.06564932038069196,
    "ci_upper": 0.17812499868545587,
    "p_value": 2.1567897498853128e-05,
    "q_statistic": 0.7473929961089489,
    "p_heterogeneity": 0.38730288090979514,
    "i_squared": 0.0,
    "tau_squared": 0.0,
    "z_effect": 4.24800874794469
  },
  "Mindset Training": {
    "n_meta_analyses": 2.0,
    "n_underlying_studies": 20.0,
    "pooled_effect": 0.13357466063348414,
    "se": 0.037752044561017536,
    "ci_lower": 0.05958065329388977,
    "ci_upper": 0.2075686679730785,
    "p_value": 0.0004028495661878573,
    "q_statistic": 0.1564452488687783,
    "p_heterogeneity": 0.6924506032788043,
    "i_squared": 0.0,
    "tau_squared": 0.0,
    "z_effect": 3.5382099747628577
  },
  "Role Model Exposure": {
    "n_meta_analyses": 2.0,
    "n_underlying_studies": 10.0,
    "pooled_effect": 0.12414306538942106,
    "se": 0.04965577828377481,
    "ci_lower": 0.02681773995322244,
    "ci_upper": 0.2214683908256197,
    "p_value": 0.01241677541791364,
    "q_statistic": 3.283418803418802,
    "p_heterogeneity": 0.06998300721665429,
    "i_squared": 69.54394002498957,
    "tau_squared": 0.0034771970012494784,
    "z_effect": 2.5000728954435747
  }
}