"Model","AIC","BIC"
"Linear",21897.2553341139,21981.482610863
"Quadratic",21887.3953046587,21980.0453090826
"Cubic",21889.2699587645,21990.3426908633
