"specification","agency_coef","std_error","p_value","change_from_baseline"
"Baseline (Phase 24)",0.111018703802923,0.0249999722570895,9.00657605904445e-05,0
"Linear age only",0.11138591354729,0.0250312086952502,8.76840907598795e-05,0.330763854907269
"Exclude outliers",0.108556508899163,0.0270772797782468,0.000356141937241848,-2.21781989828541
"Ages 20-28 only",0.111858899139034,0.0257362502099464,0.000118753755339105,0.756805211491525
"Young adults (18-24)",0.109617867034239,0.0231774240848562,3.84120135283255e-05,-1.26180248975991
"Older adults (25-30)",0.112410064217466,0.0294919118660248,0.000553795462039395,1.25326667208486
