"N_individuals","N_countries","Age_M","Age_SD","Agency_M","Agency_SD","TEA_active_pct"
43801,48,24.2785781146549,3.75532130773315,0.0463387791009965,0.439661258426794,87.8062144699893
