Institution_Tier,DiD_Coefficient,p_value
Low,0.006575785213402217,9.543635708434283e-5
Medium,0.0013457420869790282,0.5907690504601297
High,0.007276559602374103,0.005483218610786126
