year,coef,se,p_value
2010,-0.0031020211588543086,0.002400651686951735,0.1963030227417209
2011,0.02617739006250168,0.0024863708921518467,6.432739430568606e-26
