Model,Specification,Coefficient,SE,pvalue,Sample_Size,Significant
1,Linear (2009-2020),0.6449863758178119,3.0810217923419683,0.8342880646214688,,No
2,Log-Log (2009-2020),0.2966153878853796,0.10434876414796979,0.004704880316489303,,Yes
3,Linear (2009-2017),25.6874338766588,4.365355020619505,1.0242343177142575e-8,,Yes
4,Linear (2019-2020),-8.66883199096954,20.827147316866064,0.6799382183047893,,No
